category,question_id,origin_file,subject,topic,question_type,correct_answer,snippet
numerical_answer_not_parseable_as_number,da::3.34.2,questions_clean.json,Databases,Databases,numerical,N/A,One giga bytes of data are to be organized as an indexed-sequential file with a uniform blocking fac...
numerical_answer_not_parseable_as_number,da::13.1.3,questions_clean.json,Data Structures,Data Structures,numerical,TBA,A. Derive a recurrence relation for the size of the smallest AVL tree with height h. B. What is the ...
numerical_answer_not_parseable_as_number,em::2.29.5,questions_clean.json,Mathematics,Calculus,numerical,0.53 to 0.56,The real root of the equation 5x − 2cos x − 1 = 0 (up to two decimal accuracy) is _______
numerical_answer_not_parseable_as_number,em::2.35.1,questions_clean.json,Mathematics,Calculus,numerical,34 to 36,If y = f(x) is the solution of d²y/dx² = 0 with the boundary conditions y = 5 at x = 0 and dy/dx = 2...
numerical_answer_not_parseable_as_number,em::2.36.1,questions_clean.json,Mathematics,Calculus,numerical,≈ 0 (range: −0.0001 to 0.0001),The value of the contour integral (1/2πj) ∮ (z + 1/z)² dz evaluated over the unit circle |z| = 1 is ...
numerical_answer_not_parseable_as_number,em::2.37.1,questions_clean.json,Mathematics,Calculus,numerical,π/8,The value of the double integral ∫₀¹ ∫₀¹ x/(1 + y²) dx dy is _________.
numerical_answer_not_parseable_as_number,em::2.37.8,questions_clean.json,Mathematics,Calculus,numerical,−1,Compute the value of: ∫_{1/π}^{2/π} cos(1/x)/x² dx
numerical_answer_not_parseable_as_number,em::2.37.10,questions_clean.json,Mathematics,Calculus,numerical,0.288 to 0.289,The value of ∫₀^{π/4} x·cos(x²) dx correct to three decimal places (assuming that π = 3.14) is ____
numerical_answer_not_parseable_as_number,em::2.38.12,questions_clean.json,Mathematics,Calculus,numerical,−0.5,The value of the following limit is ________________: lim_{x→0+} √x / (1 − e^{2√x})
numerical_answer_not_parseable_as_number,em::2.41.23,questions_clean.json,Mathematics,Calculus,numerical,−100,The minimum value of the function f(x) = (1/3)x(x² − 3) in the interval −100 ≤ x ≤ 100 occurs at x =...
numerical_answer_not_parseable_as_number,em::2.41.30,questions_clean.json,Mathematics,Calculus,numerical,11.5 to 12.5,"Let f(x) = 3x³ − 7x² + 5x + 6. The maximum value of f(x) over the interval [0, 2] is ________ (up to..."
numerical_answer_not_parseable_as_number,em::2.41.34,questions_clean.json,Mathematics,Calculus,numerical,0.9 to 1.1,"Consider the real-valued function g(x) = max{(x − 2)², −2x + 7}, where x ∈ (−∞, ∞). The minimum valu..."
numerical_answer_not_parseable_as_number,em::3.28.3,questions_clean.json,Mathematics,Linear Algebra,numerical,7.90 to 8.70,Consider two vectors: a⃗ = 5î + 7ĵ + 2k̂ b⃗ = 3î − ĵ + 6k̂  Magnitude of the component of a⃗ orthogo...
numerical_answer_not_parseable_as_number,em::4.5.15,questions_clean.json,Mathematics,Probability,numerical,0.035 to 0.04,The chance of rainfall in the afternoon is twice that in the morning and there is no chance of rain ...
numerical_answer_not_parseable_as_number,em::4.12.29,questions_clean.json,Mathematics,Probability,numerical,0.14 to 0.15,"In a group of 11 people, what is the probability that exactly two people have birthday on the same d..."
numerical_answer_not_parseable_as_number,em::5.40.10,questions_clean.json,General Aptitude,Quantitative Aptitude,numerical,3√11,"From a circular sheet of paper of radius 30 cm, a sector of 10% area is removed. If the remaining pa..."
numerical_answer_not_parseable_as_number,em::5.105.13,questions_clean.json,General Aptitude,Numerical Ability,numerical,C,It would take one machine 4 hours to complete a production order and another machine 2 hours to comp...
numerical_answer_not_parseable_as_number,em::5.105.14,questions_clean.json,General Aptitude,Numerical Ability,numerical,B,"Two design consultants, P and Q, started working from 8 AM for a client. The client budgeted a total..."
numerical_answer_not_parseable_as_number,isro_w_cover::3.6.2,questions_clean.json,Computer Organization and Architecture,CO and Architecture,numerical,D,The number of logical CPUs in a computer having two physical quad-core chips with hyper threading en...
numerical_answer_not_parseable_as_number,isro_w_cover::29.2.6,questions_clean.json,Computer Science,Software Engineering,numerical,C,What is the cyclomatic complexity of a module which has seventeen edges and thirteen nodes?
numerical_answer_not_parseable_as_number,isro_w_cover::29.3.12,questions_clean.json,Computer Science,Software Engineering,numerical,A,A company needs to develop a digital signal processing software for one of its newest inventions. Th...
numerical_answer_not_parseable_as_number,isro_w_cover::29.3.20,questions_clean.json,Computer Science,Software Engineering,numerical,B,What is the availability of the software with the following reliability figures: Mean Time Between F...
numerical_answer_not_parseable_as_number,isro_w_cover::29.3.22,questions_clean.json,Computer Science,Software Engineering,numerical,B,"In a class definition with 10 methods, to make the class maximally cohesive, number of direct and in..."
numerical_answer_not_parseable_as_number,isro_w_cover::29.8.1,questions_clean.json,Computer Science,Software Engineering,numerical,B,"If in a software project the number of user inputs, user outputs, enquiries, files and external inte..."
numerical_answer_not_parseable_as_number,isro_w_cover::29.10.10,questions_clean.json,Computer Science,Software Engineering,numerical,C,"If a program P calls two subprograms P1 and P2, and P1 can fail 50% of the time and P2 can fail 40% ..."
numerical_answer_not_parseable_as_number,isro_w_cover::31.1.1,questions_clean.json,Computer Science,Multimedia,numerical,C,Consider an uncompressed stereo audio signal of CD quality which is sampled at 44.1 kHz and quantize...
numerical_answer_not_parseable_as_number,isro_w_cover::32.2.1,questions_clean.json,Mathematics,Numerical Methods,numerical,D,Given X: 0  10  16 Y: 6  16  28 The interpolated value at X=4 using piecewise linear interpolation i...
numerical_answer_not_parseable_as_number,isro_w_cover::32.3.1,questions_clean.json,Mathematics,Numerical Methods,numerical,C,"Using Newton-Raphson method, a root correct to 3 decimal places of x³ − 3x − 5 = 0 is"
numerical_answer_not_parseable_as_number,isro_w_cover::32.4.1,questions_clean.json,Mathematics,Numerical Methods,numerical,A,"Consider the polynomial p(x) = a₀ + a₁x + a₂x² + a₃x³, where aᵢ ≠ 0, ∀i. The minimum number of multi..."
numerical_answer_not_parseable_as_number,isro_w_cover::36.0.8,questions_clean.json,Operating System,Operating System,numerical,A,"Given reference to the following pages by a program: 0,9,0,1,8,1,8,7,8,7,1,2,8,2,7,8,2,3,8,3 How man..."
numerical_answer_not_parseable_as_number,isro_w_cover::36.0.9,questions_clean.json,Operating System,Operating System,numerical,B,"Determine the number of page faults when references to pages occur in the order: 1,2,4,5,2,1,2,4. As..."
numerical_answer_not_parseable_as_number,isro_w_cover::36.2.1,questions_clean.json,Operating System,Operating System,numerical,D,A particular parallel program computation requires 100 seconds when executed on a single CPU. If 20%...
numerical_answer_not_parseable_as_number,isro_w_cover::36.5.2,questions_clean.json,Operating System,Deadlock,numerical,A,"Consider a system having m resources of the same type. These resources are shared by 3 processes A, ..."
numerical_answer_not_parseable_as_number,isro_w_cover::36.6.3,questions_clean.json,Operating System,Disk Storage,numerical,A,"Consider a disk pack with 16 surfaces, 128 tracks per surface and 256 sectors per track. 512 bytes o..."
numerical_answer_not_parseable_as_number,isro_w_cover::36.6.4,questions_clean.json,Operating System,Disk Storage,numerical,D,A hard disk system has the following parameters: - Number of tracks = 500 - Number of sectors/track ...
numerical_answer_not_parseable_as_number,isro_w_cover::36.6.8,questions_clean.json,Operating System,Disk Storage,numerical,A,"Consider a disk pack with 16 surfaces, 128 tracks per surface and 256 sectors per track. 512 bytes o..."
numerical_answer_not_parseable_as_number,isro_w_cover::36.6.10,questions_clean.json,Operating System,Disk Scheduling,numerical,D,"Disk requests come to a disk driver for cylinders in the order 10, 22, 20, 2, 40, 6 and 38 at a time..."
numerical_answer_not_parseable_as_number,isro_w_cover::36.6.11,questions_clean.json,Operating System,Disk Storage,numerical,D,"A particular disk unit uses a bit string to record the occupancy or vacancy of its tracks, with 0 de..."
numerical_answer_not_parseable_as_number,isro_w_cover::36.7.3,questions_clean.json,Operating System,Disk Scheduling,numerical,B,Consider a disk sequence with 100 cylinders. The requests to access the cylinder occur in the follow...
numerical_answer_not_parseable_as_number,isro_w_cover::36.8.1,questions_clean.json,Operating System,Page Replacement,numerical,A,A system uses FIFO policy for page replacement. It has 4 page frames with no pages loaded to begin w...
numerical_answer_not_parseable_as_number,isro_w_cover::36.10.4,questions_clean.json,Operating System,Process Management,numerical,C,Consider the following program: main() {   fork();   fork();   fork(); } How many new processes will...
numerical_answer_not_parseable_as_number,isro_w_cover::36.13.2,questions_clean.json,Operating System,I/O Handling,numerical,B,"What is the bit rate of a video terminal unit with 80 characters/line, 8 bits/character and horizont..."
numerical_answer_not_parseable_as_number,isro_w_cover::36.15.5,questions_clean.json,Operating System,Memory Management,numerical,A,"In a 64-bit machine, with 2 GB RAM, and 8 KB page size, how many entries will be there in the page t..."
numerical_answer_not_parseable_as_number,isro_w_cover::36.15.6,questions_clean.json,Operating System,Memory Management,numerical,C,"Consider a logical address space of 8 pages of 1024 words each, mapped onto a physical memory of 32 ..."
numerical_answer_not_parseable_as_number,isro_w_cover::36.18.8,questions_clean.json,Operating System,Page Replacement,numerical,C,"Determine the number of page faults when references to pages occur in the following order: 1, 2, 4, ..."
numerical_answer_not_parseable_as_number,isro_w_cover::36.18.10,questions_clean.json,Operating System,Page Replacement,numerical,B,"Determine the number of page faults when references to pages occur in the order: 1, 2, 4, 5, 2, 1, 2..."
numerical_answer_not_parseable_as_number,isro_w_cover::36.18.11,questions_clean.json,Operating System,Page Replacement,numerical,C,Consider the following page reference string: 1 2 3 4 2 1 5 6 2 1 2 3 7 6 3 2 1 2 3 6 What are the m...
numerical_answer_not_parseable_as_number,isro_w_cover::36.18.12,questions_clean.json,Operating System,Page Replacement,numerical,D,Consider the list of page references in the time line as below: 9 6 2 3 4 4 4 4 3 4 4 2 5 8 6 8 5 5 ...
numerical_answer_not_parseable_as_number,isro_w_cover::36.21.1,questions_clean.json,Operating System,Process Scheduling,numerical,A,"Four jobs to be executed on a single processor system arrive at time 0 in the order A, B, C, D. Thei..."
numerical_answer_not_parseable_as_number,isro_w_cover::36.21.2,questions_clean.json,Operating System,Process Scheduling,numerical,B,"Consider three CPU-intensive processes which require 10, 20 and 30 time units and arrive at times 0,..."
numerical_answer_not_parseable_as_number,isro_w_cover::36.21.12,questions_clean.json,Operating System,Process Scheduling,numerical,B,The following table shows the processes in the ready queue and time required for each process for co...
numerical_answer_not_parseable_as_number,isro_w_cover::36.21.23,questions_clean.json,Operating System,Process Scheduling,numerical,D,"Suppose two jobs, each of which needs 10 minutes of CPU time, start simultaneously. Assume 50% I/O w..."
numerical_answer_not_parseable_as_number,isro_w_cover::36.25.1,questions_clean.json,Operating System,Resource Allocation,numerical,A,"Consider a system having 'm' resources of the same type. The resources are shared by 3 processes A, ..."
numerical_answer_not_parseable_as_number,isro_w_cover::36.25.3,questions_clean.json,Operating System,Resource Allocation,numerical,D,"Consider a system having 'n' resources of same type. These resources are shared by 3 processes A, B,..."
numerical_answer_not_parseable_as_number,isro_w_cover::36.25.5,questions_clean.json,Operating System,Resource Allocation,numerical,D,"What is the minimum number of resources required to ensure that deadlock will never occur, if there ..."
numerical_answer_not_parseable_as_number,isro_w_cover::36.28.1,questions_clean.json,Operating System,Process Synchronization,numerical,B,"At a particular time of computation, the value of a counting semaphore is 7. Then 20 P (wait) operat..."
numerical_answer_not_parseable_as_number,isro_w_cover::36.28.3,questions_clean.json,Operating System,Process Synchronization,numerical,A,"At a particular time of computation, the value of a counting semaphore is 7. Then 20 P operations an..."
numerical_answer_not_parseable_as_number,isro_w_cover::36.28.5,questions_clean.json,Operating System,Process Synchronization,numerical,C,A counting semaphore was initialized to 7. Then 20 P (wait) operations and x V (signal) operations w...
numerical_answer_not_parseable_as_number,isro_w_cover::36.32.1,questions_clean.json,Operating System,Memory Management,numerical,C,A CPU generates 32-bit virtual addresses. The page size is 4 KB. The processor has a translation loo...
numerical_answer_not_parseable_as_number,isro_w_cover::36.32.6,questions_clean.json,Operating System,Page Replacement,numerical,C,A computer has 16 pages of virtual address space but the size of main memory is only four frames. In...
numerical_answer_not_parseable_as_number,isro_w_cover::36.32.8,questions_clean.json,Operating System,Memory Management,numerical,C,What is the size of the physical address space in a paging system which has a page table containing ...
numerical_answer_not_parseable_as_number,isro_w_cover::36.32.9,questions_clean.json,Operating System,Memory Management,numerical,B,Let the page fault service time be 10 ms in a computer with average memory access time being 20 ns. ...
numerical_answer_not_parseable_as_number,isro_w_cover::38.1.1,questions_clean.json,Programming and Data Structure,Data Structures,numerical,B,What is the maximum height of any AVL-tree with 7 nodes? Assume that the height of a tree with a sin...
numerical_answer_not_parseable_as_number,isro_w_cover::38.1.3,questions_clean.json,Programming and Data Structure,Data Structures,numerical,D,"The number of rotations required to insert the sequence of elements 9, 6, 5, 8, 7, 10 into an empty ..."
numerical_answer_not_parseable_as_number,isro_w_cover::38.2.1,questions_clean.json,Programming and Data Structure,Data Structures,numerical,B,"Let A(1:8, -5:5, -10:5) be a three-dimensional array. How many elements are there in the array A?"
numerical_answer_not_parseable_as_number,isro_w_cover::38.2.2,questions_clean.json,Programming and Data Structure,Data Structures,numerical,A,"In an array of 2N elements that is both 2-ordered and 3-ordered, what is the maximum number of posit..."
numerical_answer_not_parseable_as_number,isro_w_cover::38.4.3,questions_clean.json,Programming and Data Structure,Data Structures,numerical,B,"The following numbers are inserted into an empty binary search tree in the given order: 10, 1, 3, 5,..."
numerical_answer_not_parseable_as_number,isro_w_cover::38.4.4,questions_clean.json,Programming and Data Structure,Data Structures,numerical,B,How many distinct binary search trees can be created out of 4 distinct keys?
numerical_answer_not_parseable_as_number,volume1::4.1.1,questions_clean.json,Discrete Mathematics,Set Theory & Algebra,numerical,N/A (descriptive — answer: n^(n(n+1)/2)),The number of possible commutative binary operations that can be defined on a set of n elements (for...
numerical_answer_not_parseable_as_number,volume1::4.13.1,questions_clean.json,Discrete Mathematics,Set Theory & Algebra,numerical,"N/A (descriptive — answer: using inclusion-exclusion, those eating at least two = 7)","Out of a group of 21 persons, 9 eat vegetables, 10 eat fish and 7 eat eggs. 5 persons eat all three...."
numerical_answer_not_parseable_as_number,volume1::4.13.4,questions_clean.json,Discrete Mathematics,Set Theory & Algebra,numerical,2^(n−1),"The number of subsets of {1, 2, …, n} with odd cardinality is ___________"
numerical_answer_not_parseable_as_number,volume2::2.17.20,questions_clean.json,Computer Organization and Architecture,Pipelining,numerical,1.50:1.60,"An instruction pipeline has five stages, namely, instruction fetch (IF), instruction decode and regi..."
numerical_answer_not_parseable_as_number,volume2::2.17.25,questions_clean.json,Computer Organization and Architecture,Pipelining,numerical,33.0:34.0,"The stage delays in a 4-stage pipeline are 800, 500, 400 and 300 picoseconds. The first stage (with ..."
numerical_answer_not_parseable_as_number,volume2::2.17.27,questions_clean.json,Computer Organization and Architecture,Pipelining,numerical,1.50:1.51,"Instruction execution in a processor is divided into 5 stages, Instruction Fetch (IF), Instruction D..."
numerical_answer_not_parseable_as_number,volume2::2.17.29,questions_clean.json,Computer Organization and Architecture,Pipelining,numerical,2.15:2.18,Consider a non-pipelined processor operating at 2.5 GHz. It takes 5 clock cycles to complete an inst...
numerical_answer_not_parseable_as_number,volume2::2.17.3,questions_clean.json,Computer Organization and Architecture,Pipelining,numerical,N/A,An instruction pipeline has five stages where each stage take 2 nanoseconds and all instruction use ...
numerical_answer_not_parseable_as_number,volume2::2.17.30,questions_clean.json,Computer Organization and Architecture,Pipelining,numerical,17160:17160,"A five-stage pipeline has stage delays of 150, 120, 150, 160 and 140 nanoseconds. The registers that..."
numerical_answer_not_parseable_as_number,volume2::2.17.31,questions_clean.json,Computer Organization and Architecture,Pipelining,numerical,1.87:1.88,"Consider a pipelined processor with 5 stages: Instruction Fetch (IF), Instruction Decode (ID), Execu..."
numerical_answer_not_parseable_as_number,volume2::2.17.32,questions_clean.json,Computer Organization and Architecture,Pipelining,numerical,1.42:1.45,A processor X1 operating at 2 GHz has a standard 5-stage RISC instruction pipeline having a base CPI...
numerical_answer_not_parseable_as_number,volume2::2.17.37,questions_clean.json,Computer Organization and Architecture,Pipelining,numerical,260.20:261.20,"A 5-stage instruction pipeline has stage delays of 180, 250, 150, 170, and 250 nanoseconds, respecti..."
numerical_answer_not_parseable_as_number,volume2::3.8.9,questions_clean.json,Compiler Design,Grammar,numerical,2n − 1,"A grammar G is in Chomsky-Normal Form (CNF) if all its productions are of the form A → BC or A → a, ..."
numerical_answer_not_parseable_as_number,volume2::4.11.2,questions_clean.json,Computer Networks,Computer Networks,numerical,N/A,Following 7-bit single error correcting Hamming coded message is received:  Bit positions: 7  6  5  ...
numerical_answer_not_parseable_as_number,volume2::4.31.2,questions_clean.json,Computer Networks,Computer Networks,numerical,1.10 to 1.19,"For a host machine that uses the token bucket algorithm for congestion control, the token bucket has..."
numerical_answer_not_parseable_as_number,volume2::5.1.10,questions_clean.json,Databases,Databases,numerical,N/A,a. The following table refers to search times for a key in B-trees and B+-trees:  |              | B...
numerical_answer_not_parseable_as_number,volume2::5.1.4,questions_clean.json,Databases,Databases,numerical,N/A,A B+ tree of order d is a tree in which each internal node has between d and 2d key values. An inter...
numerical_answer_not_parseable_as_number,volume2::5.1.6,questions_clean.json,Databases,Databases,numerical,N/A,"Consider a B-tree with degree m, that is, the number of children c of any internal node (except the ..."
numerical_answer_not_parseable_as_number,volume2::5.1.8,questions_clean.json,Databases,Databases,numerical,N/A,(a) Suppose you are given an empty B+ tree where each node (leaf and internal) can store up to 5 key...
numerical_answer_not_parseable_as_number,volume2::5.1.9,questions_clean.json,Databases,Databases,numerical,N/A,We wish to construct a B+ tree with fan-out (the number of pointers per node) equal to 3 for the fol...
numerical_answer_not_parseable_as_number,volume2::6.11.11,questions_clean.json,Digital Logic,Digital Counter,numerical,3 to 4,We want to design a synchronous counter that counts the sequence 0-1-0-2-0-3 and then repeats. The m...
numerical_answer_not_parseable_as_number,volume2::8.13.18,questions_clean.json,Programming and Data Structure,Stack,numerical,B,Consider the following C program:  #include <stdio.h> #define EOF -1 void push (int); /* push the ar...
numerical_answer_not_parseable_as_number,isro_w_cover::29.5.1,questions_with_image.json,Computer Science,Software Engineering,numerical,B,A company needs to develop a strategy for software product development for which it has a choice of ...
numerical_answer_not_parseable_as_number,isro_w_cover::36.21.11,questions_with_image.json,Operating System,Process Scheduling,numerical,C,"Consider a set of 5 processes whose arrival time, CPU time needed and the priority are given below: ..."
visual_type_without_image_info,isro_w_cover::1.3.1,questions_clean.json,Programming and Data Structure,Algorithms,image_based,,"Consider the recurrence equation: T(n) = 2T(n−1), if n > 0 T(n) = 1, otherwise Then T(n) is (in big ..."
visual_type_without_image_info,isro_w_cover::1.3.2,questions_clean.json,Programming and Data Structure,Algorithms,image_based,,"Consider the program: void function(int n) {     int i, j, count = 0;     for(i = n/2; i <= n; i++) ..."
visual_type_without_image_info,isro_w_cover::1.4.1,questions_clean.json,Programming and Data Structure,Algorithms,image_based,,The time taken by binary search algorithm to search a key in a sorted array of n elements is
visual_type_without_image_info,isro_w_cover::1.8.1,questions_clean.json,Computer Organization and Architecture,Algorithms,image_based,,The minimum number of arithmetic operations required to evaluate the expression f(z) = 8x³ + 3z + 12
visual_type_without_image_info,isro_w_cover::1.10.2,questions_clean.json,Programming and Data Structure,Algorithms,image_based,,"In linear hashing, if blocking factor bfr, loading factor i and file buckets N are known, the number..."
visual_type_without_image_info,isro_w_cover::1.10.3,questions_clean.json,Programming and Data Structure,Algorithms,image_based,,The characters of the string K R P C S N Y T J M are inserted into a hash table of size 10 using a h...
visual_type_without_image_info,isro_w_cover::1.11.1,questions_clean.json,Programming and Data Structure,Algorithms,image_based,,"Huffman tree is constructed for the following data: {A, B, C, D, E} with frequency {0.17, 0.11, 0.24..."
visual_type_without_image_info,isro_w_cover::1.12.1,questions_clean.json,Programming and Data Structure,Algorithms,image_based,,Study the following program: //precondition: x>=0 public void demo(int x) {     System.out.print(x %...
visual_type_without_image_info,isro_w_cover::1.12.2,questions_clean.json,Programming and Data Structure,Algorithms,image_based,,What is the value of F(4) using the following procedure: function F(K : integer) integer; begin     ...
visual_type_without_image_info,isro_w_cover::1.12.3,questions_clean.json,Programming and Data Structure,Algorithms,image_based,,Consider the following pseudocode:     x := 1;     i := 1;     while ( x <= 500)     begin         x...
visual_type_without_image_info,isro_w_cover::1.12.4,questions_clean.json,Programming and Data Structure,Algorithms,image_based,,"An array A consists of n integers in locations A[0], A[1], ..., A[n−1]. It is required to shift the ..."
visual_type_without_image_info,isro_w_cover::1.16.1,questions_clean.json,Programming and Data Structure,Algorithms,image_based,,"Consider product of three matrices M₁, M₂ and M₃ having w rows and x columns, x rows and y columns, ..."
visual_type_without_image_info,isro_w_cover::1.17.2,questions_clean.json,Programming and Data Structure,Algorithms,image_based,,The average case and worst case complexities for Merge sort algorithm are
visual_type_without_image_info,isro_w_cover::1.17.3,questions_clean.json,Programming and Data Structure,Algorithms,image_based,,Given two sorted list of size m and n respectively. The number of comparisons needed in the worst ca...
visual_type_without_image_info,isro_w_cover::1.18.2,questions_clean.json,Programming and Data Structure,Algorithms,image_based,,The number of spanning trees for a complete graph with seven vertices is
visual_type_without_image_info,isro_w_cover::1.20.1,questions_clean.json,Programming and Data Structure,Algorithms,image_based,,"Quick-sort is run on 2 inputs shown below to sort in ascending order: A. 1, 2, 3, ..., n B. n, n−1, ..."
visual_type_without_image_info,isro_w_cover::1.21.1,questions_clean.json,Programming and Data Structure,Algorithms,image_based,,The recurrence relation that arises in relation with the complexity of binary search is:
visual_type_without_image_info,isro_w_cover::1.21.3,questions_clean.json,Programming and Data Structure,Algorithms,image_based,,"Consider the following recurrence: T(n) = 2T(√n) + 1, T(1) = 1 Which one of the following is true?"
visual_type_without_image_info,isro_w_cover::1.21.4,questions_clean.json,Programming and Data Structure,Algorithms,image_based,,Let T(n) be defined by T(1) = 10 and T(n+1) = 2n + T(n) for all integers n ≥ 1. Which of the followi...
visual_type_without_image_info,isro_w_cover::1.21.5,questions_clean.json,Programming and Data Structure,Algorithms,image_based,,"The running time of an algorithm is given by: T(n) = T(n−1) + T(n−2) − T(n−3), if n > 3 T(n) = n, ot..."
visual_type_without_image_info,isro_w_cover::1.22.1,questions_clean.json,Programming and Data Structure,Algorithms,image_based,,Consider the function: int fun(x: integer) {     If x>100 then fun=x-10;     else         fun=fun(fu...
visual_type_without_image_info,isro_w_cover::1.23.1,questions_clean.json,Programming and Data Structure,Algorithms,image_based,,The time complexity of computing the transitive closure of a binary relation on a set of n elements ...
visual_type_without_image_info,isro_w_cover::3.1.6,questions_clean.json,Computer Organization and Architecture,8085 Microprocessor,image_based,,The contents of the flag register after execution of the following program by 8085 microprocessor wi...
visual_type_without_image_info,isro_w_cover::3.3.1,questions_clean.json,Computer Organization and Architecture,Cache Memory,image_based,,A CPU has a 32 KB direct mapped cache with 128-byte block size. Suppose A is a 2-d array of size 512...
visual_type_without_image_info,isro_w_cover::3.19.7,questions_clean.json,Computer Organization and Architecture,Pipelining,image_based,,"A non-pipelined CPU has 12 general purpose registers (R0, R1, R2, ..., R12). Following operations ar..."
visual_type_without_image_info,isro_w_cover::3.19.8,questions_clean.json,Computer Organization and Architecture,Pipelining,image_based,,Consider a 5-segment pipeline with a clock cycle time of 20 ns in each sub operation. Find out the a...
visual_type_without_image_info,volume2::5.10.6,questions_clean.json,Databases,Databases,image_based,,"Consider the relations r1(P, Q, R) and r2(R, S, T) with primary keys P and R respectively. The relat..."
visual_type_without_image_info,volume2::5.11.1,questions_clean.json,Databases,Databases,image_based,,"Consider the following implications relating to functional and multivalued dependencies given below,..."
visual_type_without_image_info,volume2::5.12.1,questions_clean.json,Databases,Databases,image_based,,"Let r be a relation instance with schema R = (A, B, C, D). We define r1 = Π_{A,B,C}(R) and r2 = Π_{A..."
visual_type_without_image_info,volume2::5.12.2,questions_clean.json,Databases,Databases,image_based,,"The following functional dependencies hold for relations R(A, B, C) and S(B, D, E): B → A A → C  The..."
visual_type_without_image_info,volume2::5.15.12,questions_clean.json,Databases,Databases,image_based,,"Let r and s be two relations over the relation schemes R and S respectively, and let A be an attribu..."
visual_type_without_image_info,volume2::5.15.22,questions_clean.json,Databases,Databases,image_based,,"Consider the relations R(A, B) and S(B, C, D), where B is a primary key in S and a foreign key in R ..."
visual_type_without_image_info,volume2::5.15.27,questions_clean.json,Databases,Databases,image_based,,"The relation schema Person(pid, city) describes the city of residence for every person uniquely iden..."
visual_type_without_image_info,volume2::5.16.14,questions_clean.json,Databases,Databases,image_based,,"Consider a selection of the form σ_{A ≥ a ∧ A ≤ b}(R), where R is a relation with n tuples. Assume t..."
visual_type_without_image_info,volume2::5.16.4,questions_clean.json,Databases,Databases,image_based,,The relational algebra expression equivalent to the following tuple calculus expression:  {t | ∃u ∈ ...
visual_type_without_image_info,volume2::5.16.5,questions_clean.json,Databases,Databases,image_based,,Which of the following relational calculus expressions is NOT safe?
image_based_missing_image_reference,isro_w_cover::1.3.1,questions_clean.json,Programming and Data Structure,Algorithms,image_based,,"Consider the recurrence equation: T(n) = 2T(n−1), if n > 0 T(n) = 1, otherwise Then T(n) is (in big ..."
image_based_missing_image_reference,isro_w_cover::1.3.2,questions_clean.json,Programming and Data Structure,Algorithms,image_based,,"Consider the program: void function(int n) {     int i, j, count = 0;     for(i = n/2; i <= n; i++) ..."
image_based_missing_image_reference,isro_w_cover::1.4.1,questions_clean.json,Programming and Data Structure,Algorithms,image_based,,The time taken by binary search algorithm to search a key in a sorted array of n elements is
image_based_missing_image_reference,isro_w_cover::1.8.1,questions_clean.json,Computer Organization and Architecture,Algorithms,image_based,,The minimum number of arithmetic operations required to evaluate the expression f(z) = 8x³ + 3z + 12
image_based_missing_image_reference,isro_w_cover::1.10.2,questions_clean.json,Programming and Data Structure,Algorithms,image_based,,"In linear hashing, if blocking factor bfr, loading factor i and file buckets N are known, the number..."
image_based_missing_image_reference,isro_w_cover::1.10.3,questions_clean.json,Programming and Data Structure,Algorithms,image_based,,The characters of the string K R P C S N Y T J M are inserted into a hash table of size 10 using a h...
image_based_missing_image_reference,isro_w_cover::1.11.1,questions_clean.json,Programming and Data Structure,Algorithms,image_based,,"Huffman tree is constructed for the following data: {A, B, C, D, E} with frequency {0.17, 0.11, 0.24..."
image_based_missing_image_reference,isro_w_cover::1.12.1,questions_clean.json,Programming and Data Structure,Algorithms,image_based,,Study the following program: //precondition: x>=0 public void demo(int x) {     System.out.print(x %...
image_based_missing_image_reference,isro_w_cover::1.12.2,questions_clean.json,Programming and Data Structure,Algorithms,image_based,,What is the value of F(4) using the following procedure: function F(K : integer) integer; begin     ...
image_based_missing_image_reference,isro_w_cover::1.12.3,questions_clean.json,Programming and Data Structure,Algorithms,image_based,,Consider the following pseudocode:     x := 1;     i := 1;     while ( x <= 500)     begin         x...
image_based_missing_image_reference,isro_w_cover::1.12.4,questions_clean.json,Programming and Data Structure,Algorithms,image_based,,"An array A consists of n integers in locations A[0], A[1], ..., A[n−1]. It is required to shift the ..."
image_based_missing_image_reference,isro_w_cover::1.16.1,questions_clean.json,Programming and Data Structure,Algorithms,image_based,,"Consider product of three matrices M₁, M₂ and M₃ having w rows and x columns, x rows and y columns, ..."
image_based_missing_image_reference,isro_w_cover::1.17.2,questions_clean.json,Programming and Data Structure,Algorithms,image_based,,The average case and worst case complexities for Merge sort algorithm are
image_based_missing_image_reference,isro_w_cover::1.17.3,questions_clean.json,Programming and Data Structure,Algorithms,image_based,,Given two sorted list of size m and n respectively. The number of comparisons needed in the worst ca...
image_based_missing_image_reference,isro_w_cover::1.18.2,questions_clean.json,Programming and Data Structure,Algorithms,image_based,,The number of spanning trees for a complete graph with seven vertices is
image_based_missing_image_reference,isro_w_cover::1.20.1,questions_clean.json,Programming and Data Structure,Algorithms,image_based,,"Quick-sort is run on 2 inputs shown below to sort in ascending order: A. 1, 2, 3, ..., n B. n, n−1, ..."
image_based_missing_image_reference,isro_w_cover::1.21.1,questions_clean.json,Programming and Data Structure,Algorithms,image_based,,The recurrence relation that arises in relation with the complexity of binary search is:
image_based_missing_image_reference,isro_w_cover::1.21.3,questions_clean.json,Programming and Data Structure,Algorithms,image_based,,"Consider the following recurrence: T(n) = 2T(√n) + 1, T(1) = 1 Which one of the following is true?"
image_based_missing_image_reference,isro_w_cover::1.21.4,questions_clean.json,Programming and Data Structure,Algorithms,image_based,,Let T(n) be defined by T(1) = 10 and T(n+1) = 2n + T(n) for all integers n ≥ 1. Which of the followi...
image_based_missing_image_reference,isro_w_cover::1.21.5,questions_clean.json,Programming and Data Structure,Algorithms,image_based,,"The running time of an algorithm is given by: T(n) = T(n−1) + T(n−2) − T(n−3), if n > 3 T(n) = n, ot..."
image_based_missing_image_reference,isro_w_cover::1.22.1,questions_clean.json,Programming and Data Structure,Algorithms,image_based,,Consider the function: int fun(x: integer) {     If x>100 then fun=x-10;     else         fun=fun(fu...
image_based_missing_image_reference,isro_w_cover::1.23.1,questions_clean.json,Programming and Data Structure,Algorithms,image_based,,The time complexity of computing the transitive closure of a binary relation on a set of n elements ...
image_based_missing_image_reference,isro_w_cover::3.1.6,questions_clean.json,Computer Organization and Architecture,8085 Microprocessor,image_based,,The contents of the flag register after execution of the following program by 8085 microprocessor wi...
image_based_missing_image_reference,isro_w_cover::3.3.1,questions_clean.json,Computer Organization and Architecture,Cache Memory,image_based,,A CPU has a 32 KB direct mapped cache with 128-byte block size. Suppose A is a 2-d array of size 512...
image_based_missing_image_reference,isro_w_cover::3.19.7,questions_clean.json,Computer Organization and Architecture,Pipelining,image_based,,"A non-pipelined CPU has 12 general purpose registers (R0, R1, R2, ..., R12). Following operations ar..."
image_based_missing_image_reference,isro_w_cover::3.19.8,questions_clean.json,Computer Organization and Architecture,Pipelining,image_based,,Consider a 5-segment pipeline with a clock cycle time of 20 ns in each sub operation. Find out the a...
image_based_missing_image_reference,volume2::5.10.6,questions_clean.json,Databases,Databases,image_based,,"Consider the relations r1(P, Q, R) and r2(R, S, T) with primary keys P and R respectively. The relat..."
image_based_missing_image_reference,volume2::5.11.1,questions_clean.json,Databases,Databases,image_based,,"Consider the following implications relating to functional and multivalued dependencies given below,..."
image_based_missing_image_reference,volume2::5.12.1,questions_clean.json,Databases,Databases,image_based,,"Let r be a relation instance with schema R = (A, B, C, D). We define r1 = Π_{A,B,C}(R) and r2 = Π_{A..."
image_based_missing_image_reference,volume2::5.12.2,questions_clean.json,Databases,Databases,image_based,,"The following functional dependencies hold for relations R(A, B, C) and S(B, D, E): B → A A → C  The..."
image_based_missing_image_reference,volume2::5.15.12,questions_clean.json,Databases,Databases,image_based,,"Let r and s be two relations over the relation schemes R and S respectively, and let A be an attribu..."
image_based_missing_image_reference,volume2::5.15.22,questions_clean.json,Databases,Databases,image_based,,"Consider the relations R(A, B) and S(B, C, D), where B is a primary key in S and a foreign key in R ..."
image_based_missing_image_reference,volume2::5.15.27,questions_clean.json,Databases,Databases,image_based,,"The relation schema Person(pid, city) describes the city of residence for every person uniquely iden..."
image_based_missing_image_reference,volume2::5.16.14,questions_clean.json,Databases,Databases,image_based,,"Consider a selection of the form σ_{A ≥ a ∧ A ≤ b}(R), where R is a relation with n tuples. Assume t..."
image_based_missing_image_reference,volume2::5.16.4,questions_clean.json,Databases,Databases,image_based,,The relational algebra expression equivalent to the following tuple calculus expression:  {t | ∃u ∈ ...
image_based_missing_image_reference,volume2::5.16.5,questions_clean.json,Databases,Databases,image_based,,Which of the following relational calculus expressions is NOT safe?
missing_correct_answer,isro_w_cover::8.0.4,questions_with_image.json,Digital Logic,Combinational Circuits,image_based,,The logic circuit given below converts a binary code Y1Y2Y3 into (circuit shows XOR gates cascaded b...
missing_correct_answer,volume2::1.14.1,questions_with_image.json,Algorithms,Graph Search,fill_blank,,"In the graph shown above, the depth-first spanning tree edges are marked with a 'T'. Identify the fo..."
missing_correct_answer,volume2::2.1.2,questions_with_image.json,Computer Organization and Architecture,Addressing Modes,fill_blank,,In the program scheme given below indicate the instructions containing any operand needing relocatio...
option_dependent_type_with_no_options,da::1.42.2,questions_clean.json,Programming and Data Structure,algorithms,fill_blank,,Complexity of Kruskal's algorithm for finding the minimum spanning tree of an undirected graph conta...
option_dependent_type_with_no_options,da::1.61.1,questions_clean.json,Programming and Data Structures,Algorithms,fill_blank,,Quicksort is ________ efficient than heapsort in the worst case.
option_dependent_type_with_no_options,da::3.4.3,questions_clean.json,Databases,Databases,fill_blank,,"For a B⁺ tree of order d with n leaf nodes, the number of nodes accessed during a search is O(_____)..."
option_dependent_type_with_no_options,da::3.19.1,questions_clean.json,Databases,Databases,mcq,,State True or False with reason: Logical data independence is easier to achieve than physical data i...
option_dependent_type_with_no_options,da::3.20.1,questions_clean.json,Databases,Databases,fill_blank,,"State whether the following statement is TRUE or FALSE: A relation r with schema (X, Y) satisfies th..."
option_dependent_type_with_no_options,da::3.20.8,questions_clean.json,Databases,Databases,mcq,,State True or False with reason: There is always a decomposition into Boyce-Codd normal form (BCNF) ...
option_dependent_type_with_no_options,da::5.2.2,questions_clean.json,Mathematics,Calculus,fill_blank,,The radius of convergence of the power series  ∑_{m=0}^{∞} ((3m)! / (m!)³) x^(3m)  is: ____________
option_dependent_type_with_no_options,da::5.6.1,questions_clean.json,Mathematics,Calculus,fill_blank,,The value of the double integral ∫₀¹ ∫₀^(1/x) x/(1 + y²) dy dx is __________.
option_dependent_type_with_no_options,da::9.7.2,questions_clean.json,Mathematics,Probability,fill_blank,,The probability of an event B is P₁. The probability that events A and B occur together is P₂ while ...
option_dependent_type_with_no_options,da::13.2.1,questions_clean.json,Data Structures,Data Structures,fill_blank,,The following Pascal program segments finds the largest number in a two-dimensional integer array A[...
option_dependent_type_with_no_options,da::13.14.1,questions_clean.json,Programming and Data Structure,Data Structures,fill_blank,,Compute the postfix equivalent of the following infix arithmetic expression a + b * (c − d) / (e + f...
option_dependent_type_with_no_options,da::13.14.3,questions_clean.json,Programming and Data Structure,Data Structures,fill_blank,,Compute the postfix equivalent of the following infix expression: (a − b / c) * (d + e * f)
option_dependent_type_with_no_options,em::2.12.3,questions_clean.json,Mathematics,Calculus,fill_blank,,The radius of convergence of the power series ∑_{m=0}^∞ (3m)!/(m!)³ · x^{3m} is: _____________
option_dependent_type_with_no_options,em::2.37.2,questions_clean.json,Mathematics,Calculus,fill_blank,,"This is a descriptive question with two parts: (a) Find the points of local maxima and minima, if an..."
option_dependent_type_with_no_options,em::4.5.2,questions_clean.json,Mathematics,Probability,fill_blank,,"The probability of an event B is P₁. The probability that events A and B occur together is P₂, while..."
option_dependent_type_with_no_options,em::4.11.1,questions_clean.json,Mathematics,Probability,fill_blank,,P_n(t) is the probability of n events occurring during a time interval t. How will you express P₀(t ...
option_dependent_type_with_no_options,volume1::1.1.1,questions_clean.json,Discrete Mathematics,Combinatorics,fill_blank,,In how many ways can a given positive integer n ≥ 2 be expressed as the sum of 2 positive integers (...
option_dependent_type_with_no_options,volume1::1.2.1,questions_clean.json,Discrete Mathematics,Combinatorics,fill_blank,,How many substrings (of all lengths inclusive) can be formed from a character string of length n? As...
option_dependent_type_with_no_options,volume1::1.2.5,questions_clean.json,Discrete Mathematics,Combinatorics,fill_blank,,Find the number of binary strings w of length 2n with an equal number of 1's and 0's and the propert...
option_dependent_type_with_no_options,volume1::1.2.9,questions_clean.json,Discrete Mathematics,Combinatorics,fill_blank,,A multiset is an unordered collection of elements where elements may repeat any number of times. The...
option_dependent_type_with_no_options,volume1::1.4.1,questions_clean.json,Discrete Mathematics,Generating Functions,fill_blank,,What is the generating function G(z) for the sequence of Fibonacci numbers?
option_dependent_type_with_no_options,volume1::1.7.1,questions_clean.json,Discrete Mathematics,Recurrence Relation,fill_blank,,"The Fibonacci sequence {f₁, f₂, f₃, …, fₙ} is defined by the following recurrence:  f_{n+2} = f_{n+1..."
option_dependent_type_with_no_options,volume1::2.2.1,questions_clean.json,Discrete Mathematics,Graph Theory,fill_blank,,Show that the number of odd-degree vertices in a finite graph is even.
option_dependent_type_with_no_options,volume1::2.2.2,questions_clean.json,Discrete Mathematics,Graph Theory,fill_blank,,"Show that all vertices in an undirected finite graph cannot have distinct degrees, if the graph has ..."
option_dependent_type_with_no_options,volume1::2.2.3,questions_clean.json,Discrete Mathematics,Graph Theory,fill_blank,,"Prove that in a finite graph, the number of vertices of odd degree is always even."
option_dependent_type_with_no_options,volume1::2.4.3,questions_clean.json,Discrete Mathematics,Graph Theory,fill_blank,,A graph which has the same number of edges as its complement must have number of vertices congruent ...
option_dependent_type_with_no_options,volume1::2.4.4,questions_clean.json,Discrete Mathematics,Graph Theory,fill_blank,,The maximum number of possible edges in an undirected graph with n vertices and k components is ____...
option_dependent_type_with_no_options,volume1::2.4.5,questions_clean.json,Discrete Mathematics,Graph Theory,fill_blank,,How many edges can there be in a forest with p components having n vertices in all?
option_dependent_type_with_no_options,volume1::2.4.8,questions_clean.json,Discrete Mathematics,Graph Theory,fill_blank,,The number of edges in a regular graph of degree d and n vertices is ____________
option_dependent_type_with_no_options,volume1::2.4.9,questions_clean.json,Discrete Mathematics,Graph Theory,fill_blank,,An independent set in a graph is a subset of vertices such that no two vertices in the subset are co...
option_dependent_type_with_no_options,volume1::2.7.1,questions_clean.json,Discrete Mathematics,Graph Theory,fill_blank,,State whether the following statement is TRUE or FALSE:  There is a linear-time algorithm for testin...
option_dependent_type_with_no_options,volume1::2.7.4,questions_clean.json,Discrete Mathematics,Graph Theory,fill_blank,,Maximum number of edges in a planar graph with n vertices is _____
option_dependent_type_with_no_options,volume1::3.1.1,questions_clean.json,Discrete Mathematics,Mathematical Logic,fill_blank,,"Symbolize the expression ""Every mother loves her children"" in predicate logic."
option_dependent_type_with_no_options,volume1::3.3.1,questions_clean.json,Discrete Mathematics,Mathematical Logic,fill_blank,,"Show that the conclusion (r → q) follows from the premises: p, (p → q) ∨ (p ∧ (r → q))"
option_dependent_type_with_no_options,volume1::3.3.10,questions_clean.json,Discrete Mathematics,Mathematical Logic,fill_blank,,"Let p and q be propositions. Using only the Truth Table, decide whether  p ⟺ q does not imply p → ¬q..."
option_dependent_type_with_no_options,volume1::3.3.11,questions_clean.json,Discrete Mathematics,Mathematical Logic,fill_blank,,Obtain the principal (canonical) conjunctive normal form of the propositional formula  (p ∧ q) ∨ (¬q...
option_dependent_type_with_no_options,volume1::3.3.16,questions_clean.json,Discrete Mathematics,Mathematical Logic,fill_blank,,Show that the formula [(∼p ∨ q) ⇒ (q ⇒ p)] is not a tautology.  Let A be a tautology and B any other...
option_dependent_type_with_no_options,volume1::3.3.2,questions_clean.json,Discrete Mathematics,Mathematical Logic,fill_blank,,Define the validity of a well-formed formula (wff)?
option_dependent_type_with_no_options,volume1::3.3.20,questions_clean.json,Discrete Mathematics,Mathematical Logic,fill_blank,,"Determine whether each of the following is a tautology, a contradiction, or neither (""∨"" is disjunct..."
option_dependent_type_with_no_options,volume1::3.3.7,questions_clean.json,Discrete Mathematics,Mathematical Logic,fill_blank,,"Use Modus ponens (A, A → B |= B) or resolution to show that the following set is inconsistent:  1. Q..."
option_dependent_type_with_no_options,volume1::3.3.8,questions_clean.json,Discrete Mathematics,Mathematical Logic,fill_blank,,Show that proposition C is a logical consequence of the formula A ∧ (A → (B ∨ C)) ∧ (B → ¬A) using t...
option_dependent_type_with_no_options,volume1::4.1.2,questions_clean.json,Discrete Mathematics,Set Theory & Algebra,fill_blank,,"On the set N of non-negative integers, the binary operation ______ is associative and non-commutativ..."
option_dependent_type_with_no_options,volume1::4.10.1,questions_clean.json,Discrete Mathematics,Set Theory & Algebra,fill_blank,,"If the longest chain in a partial order is of length n, then the partial order can be written as a _..."
option_dependent_type_with_no_options,volume1::4.10.5,questions_clean.json,Discrete Mathematics,Set Theory & Algebra,fill_blank,,"Suppose A = {a, b, c, d} and Π₁ is the following partition of A: Π₁ = {{a, b, c}, {d}}  a. List the ..."
option_dependent_type_with_no_options,volume1::4.12.1,questions_clean.json,Discrete Mathematics,Set Theory & Algebra,fill_blank,,State whether the following statement is TRUE or FALSE:  The union of two equivalence relations is a...
option_dependent_type_with_no_options,volume1::4.12.10,questions_clean.json,Discrete Mathematics,Set Theory & Algebra,fill_blank,,"Let R be a reflexive and transitive relation on a set A. Define a new relation E on A as  E = {(a, b..."
option_dependent_type_with_no_options,volume1::4.12.14,questions_clean.json,Discrete Mathematics,Set Theory & Algebra,fill_blank,,Prove by induction that the expression for the number of diagonals in a polygon of n sides is n(n−3)...
option_dependent_type_with_no_options,volume1::4.12.19,questions_clean.json,Discrete Mathematics,Set Theory & Algebra,fill_blank,,"a. Mr. X claims the following: If a relation R is both symmetric and transitive, then R is reflexive..."
option_dependent_type_with_no_options,volume1::4.12.2,questions_clean.json,Discrete Mathematics,Set Theory & Algebra,fill_blank,,How many binary relations are there on a set A with n elements?
option_dependent_type_with_no_options,volume1::4.12.23,questions_clean.json,Discrete Mathematics,Set Theory & Algebra,fill_blank,,Let A be a set of n (> 0) elements. Let Nᵣ be the number of binary relations on A and let Nf be the ...
option_dependent_type_with_no_options,volume1::4.12.3,questions_clean.json,Discrete Mathematics,Set Theory & Algebra,fill_blank,,"How many true inclusion relations are there of the form A ⊆ B, where A and B are subsets of a set S ..."
option_dependent_type_with_no_options,volume1::4.12.4,questions_clean.json,Discrete Mathematics,Set Theory & Algebra,fill_blank,,"The transitive closure of the relation {(1,2),(2,3),(3,4),(5,4)} on the set {1,2,3,4,5} is _________..."
option_dependent_type_with_no_options,volume1::4.12.5,questions_clean.json,Discrete Mathematics,Set Theory & Algebra,fill_blank,,"Let S be the set of all integers and let n > 1 be a fixed integer. Define aRb for a, b ∈ S iff a − b..."
option_dependent_type_with_no_options,volume1::4.12.6,questions_clean.json,Discrete Mathematics,Set Theory & Algebra,fill_blank,,"Amongst the properties {reflexivity, symmetry, anti-symmetry, transitivity} the relation R = {(x, y)..."
option_dependent_type_with_no_options,volume1::4.12.9,questions_clean.json,Discrete Mathematics,Set Theory & Algebra,fill_blank,,"Let F be the collection of all functions f : {1,2,3} → {1,2,3}. If f and g ∈ F, define an equivalenc..."
option_dependent_type_with_no_options,volume1::4.13.10,questions_clean.json,Discrete Mathematics,Set Theory & Algebra,fill_blank,,"Let S be a set of n elements {1, 2, …, n} and G a graph with 2ⁿ vertices, each vertex corresponding ..."
option_dependent_type_with_no_options,volume1::4.13.12,questions_clean.json,Discrete Mathematics,Set Theory & Algebra,fill_blank,,a. Prove that powerset(A ∩ B) = powerset(A) ∩ powerset(B).  b. Let sum(n) = 0 + 1 + 2 + … + n for al...
option_dependent_type_with_no_options,volume1::4.2.1,questions_clean.json,Discrete Mathematics,Set Theory & Algebra,fill_blank,,Every subset of a countable set is countable. State whether the above statement is true or false wit...
option_dependent_type_with_no_options,volume1::4.3.1,questions_clean.json,Discrete Mathematics,Set Theory & Algebra,fill_blank,,How many one-to-one functions are there from a set A with n elements onto itself?
option_dependent_type_with_no_options,volume1::4.3.10,questions_clean.json,Discrete Mathematics,Set Theory & Algebra,fill_blank,,"Consider the function h : N × N → N so that h(a, b) = (2a + 1)2ᵇ − 1, where N = {0, 1, 2, 3, …} is t..."
option_dependent_type_with_no_options,volume1::4.3.2,questions_clean.json,Discrete Mathematics,Set Theory & Algebra,fill_blank,,"If the set S has a finite number of elements, prove that if f maps S onto S, then f is one-to-one."
option_dependent_type_with_no_options,volume1::4.3.3,questions_clean.json,Discrete Mathematics,Set Theory & Algebra,fill_blank,,"Find the number of single valued functions from set A to another set B, given that the cardinalities..."
option_dependent_type_with_no_options,volume1::4.3.7,questions_clean.json,Discrete Mathematics,Set Theory & Algebra,fill_blank,,"Let F be the set of one-to-one functions from the set {1, 2, …, n} to the set {1, 2, …, m} where m ≥..."
option_dependent_type_with_no_options,volume1::4.4.1,questions_clean.json,Discrete Mathematics,Set Theory & Algebra,fill_blank,,"Show that if G is a group such that (a ∗ b)² = a² ∗ b² for all a, b belonging to G, then G is an abe..."
option_dependent_type_with_no_options,volume1::4.4.11,questions_clean.json,Discrete Mathematics,Set Theory & Algebra,fill_blank,,"Let (A, ∗) be a semigroup. Furthermore, for every a and b in A, if a ≠ b, then a ∗ b ≠ b ∗ a.  a. Sh..."
option_dependent_type_with_no_options,volume1::4.4.12,questions_clean.json,Discrete Mathematics,Set Theory & Algebra,fill_blank,,"Let G be a finite group and H be a subgroup of G. For a ∈ G, define aH = {ah | h ∈ H}.  a. Show that..."
option_dependent_type_with_no_options,volume1::4.4.13,questions_clean.json,Discrete Mathematics,Set Theory & Algebra,fill_blank,,"Let S = {0, 1, 2, 3, 4, 5, 6, 7} and ⊗ denote multiplication modulo 8, that is, x ⊗ y = (xy) mod 8. ..."
option_dependent_type_with_no_options,volume1::4.4.3,questions_clean.json,Discrete Mathematics,Set Theory & Algebra,fill_blank,,"If G is a group of even order, then show that there exists an element a ≠ e, the identity in G, such..."
option_dependent_type_with_no_options,volume1::4.4.4,questions_clean.json,Discrete Mathematics,Set Theory & Algebra,fill_blank,,"Let ({p,q}, ∗) be a semigroup where p ∗ p = q. Show that: a. p ∗ q = q ∗ p b. q ∗ q = q"
option_dependent_type_with_no_options,volume1::4.4.7,questions_clean.json,Discrete Mathematics,Set Theory & Algebra,fill_blank,,Let G₁ and G₂ be subgroups of a group G.  A. Show that G₁ ∩ G₂ is also a subgroup of G. B. Is G₁ ∪ G...
option_dependent_type_with_no_options,volume1::4.6.2,questions_clean.json,Discrete Mathematics,Set Theory & Algebra,fill_blank,,"Show that the elements of the lattice (N, ≤), where N is the set of positive integers and a ≤ b if a..."
option_dependent_type_with_no_options,volume1::4.6.6,questions_clean.json,Discrete Mathematics,Set Theory & Algebra,fill_blank,,"S = {(1,2),(2,1)} is a binary relation on set A = {1,2,3}. Is it irreflexive? Add the minimum number..."
option_dependent_type_with_no_options,volume1::4.7.1,questions_clean.json,Discrete Mathematics,Set Theory & Algebra,fill_blank,,Prove using mathematical induction for n ≥ 5: 2ⁿ > n²
option_dependent_type_with_no_options,volume1::4.7.2,questions_clean.json,Discrete Mathematics,Set Theory & Algebra,fill_blank,,"Consider the following sequence:  s₁ = s₂ = 1 and sᵢ = 1 + min(sᵢ₋₁, sᵢ₋₂) for i > 2.  Prove by indu..."
option_dependent_type_with_no_options,volume1::4.8.7,questions_clean.json,Discrete Mathematics,Set Theory & Algebra,fill_blank,,Show that the product of the least common multiple and the greatest common divisor of two positive i...
option_dependent_type_with_no_options,volume1::5.1.1,questions_clean.json,Engineering Mathematics,Calculus,fill_blank,,Let f be a function defined by  f(x) = { x²          for x ≤ 1         { ax² + bx + c  for 1 < x ≤ 2...
option_dependent_type_with_no_options,volume1::6.3.2,questions_clean.json,Mathematics,Linear Algebra,fill_blank,,"Obtain the eigen values of the matrix  A =[[1, 2, 34, 49], [0, 2, 43, 94], [0, 0, −2, 104], [0, 0, 0..."
option_dependent_type_with_no_options,volume2::1.18.1,questions_clean.json,Algorithms,Identify Function,fill_blank,,"What is the output produced by the following program, when the input is ""HTGATE""?  Function what(s:s..."
option_dependent_type_with_no_options,volume2::1.18.5,questions_clean.json,Algorithms,Identify Function,fill_blank,,"What function of x, n is computed by this program?  Function what(x, n:integer): integer; Var value ..."
option_dependent_type_with_no_options,volume2::1.24.2,questions_clean.json,Algorithms,Graph Algorithms,fill_blank,,Complexity of Kruskal's algorithm for finding the minimum spanning tree of an undirected graph conta...
option_dependent_type_with_no_options,volume2::1.26.3,questions_clean.json,Algorithms,Sorting,fill_blank,,Assume that the last element of the set is used as partition element in Quicksort. If n distinct ele...
option_dependent_type_with_no_options,volume2::1.27.1,questions_clean.json,Algorithms,Recurrence Relation,fill_blank,,Solve the recurrence equations: • T(n) = T(n−1) + n • T(1) = 1
option_dependent_type_with_no_options,volume2::1.27.12,questions_clean.json,Algorithms,Recurrence Relation,fill_blank,,"Solve the following recurrence relation:  xₙ = 2xₙ₋₁ − 1, n > 1 x₁ = 2"
option_dependent_type_with_no_options,volume2::1.27.2,questions_clean.json,Algorithms,Recurrence Relation,fill_blank,,Solve the recurrence equations: • T(n) = T(n/2) + 1 • T(1) = 1
option_dependent_type_with_no_options,volume2::1.27.3,questions_clean.json,Algorithms,Recurrence Relation,fill_blank,,Find a solution to the following recurrence equation: • T(n) = √n + T(n/2) • T(1) = 1
option_dependent_type_with_no_options,volume2::1.27.4,questions_clean.json,Algorithms,Recurrence Relation,fill_blank,,"Express T(n) in terms of the harmonic number Hₙ = Σᵢ₌₁ⁿ (1/i), n ≥ 1, where T(n) satisfies the recur..."
option_dependent_type_with_no_options,volume2::1.27.5,questions_clean.json,Algorithms,Recurrence Relation,fill_blank,,Consider the function F(n) for which the pseudocode is given below:  Function F(n) begin   F1 ← 1   ...
option_dependent_type_with_no_options,volume2::1.27.7,questions_clean.json,Algorithms,Recurrence Relation,fill_blank,,"Consider the recursive algorithm given below:  procedure bubblesort(n); var i,j: index; temp: item; ..."
option_dependent_type_with_no_options,volume2::1.29.1,questions_clean.json,Algorithms,Searching,fill_blank,,Consider the following program that attempts to locate an element x in an array a[] using binary sea...
option_dependent_type_with_no_options,volume2::1.30.1,questions_clean.json,Algorithms,Shortest Path,fill_blank,,Fill in the blanks in the following template of an algorithm to compute all pairs shortest path leng...
option_dependent_type_with_no_options,volume2::1.31.6,questions_clean.json,Algorithms,Sorting,fill_blank,,"Consider the following sequence of numbers: 92, 37, 52, 12, 11, 25  Use Bubble sort to arrange the s..."
option_dependent_type_with_no_options,volume2::1.34.1,questions_clean.json,Algorithms,Time Complexity,fill_blank,,Given below is the sketch of a program that represents the path in a two-person game tree (Minimax a...
option_dependent_type_with_no_options,volume2::1.34.6,questions_clean.json,Algorithms,Time Complexity,fill_blank,,Consider the following algorithms. Assume procedure A and procedure B take O(1) and O(1/n) unit of t...
option_dependent_type_with_no_options,volume2::10.10.1,questions_clean.json,Theory of Computation,Theory of Computation,fill_blank,,State whether the following statement is TRUE or FALSE: A minimal DFA that is equivalent to an NDFA ...
option_dependent_type_with_no_options,volume2::10.19.1,questions_clean.json,Theory of Computation,Regular Language,fill_blank,,State whether the following statement is TRUE or FALSE: Regularity is preserved under the operation ...
option_dependent_type_with_no_options,volume2::10.19.2,questions_clean.json,Theory of Computation,Regular Language,fill_blank,,State whether the following statement is TRUE or FALSE: All subsets of regular sets are regular.
option_dependent_type_with_no_options,volume2::2.10.1,questions_clean.json,Computer Organization and Architecture,Instruction Execution,fill_blank,,State whether the following statement is TRUE or FALSE with reason: The flags are affected when cond...
option_dependent_type_with_no_options,volume2::2.11.3,questions_clean.json,Computer Organization and Architecture,Instruction Format,fill_blank,,State True or False with one line explanation: Expanding opcode instruction formats are commonly emp...
option_dependent_type_with_no_options,volume2::2.15.1,questions_clean.json,Computer Organization and Architecture,Memory Interfacing,fill_blank,,"In interleaved memory organization, consecutive words are stored in consecutive memory modules in __..."
option_dependent_type_with_no_options,volume2::2.17.35,questions_clean.json,Computer Organization and Architecture,Pipelining,multi_select,,"An instruction format has the following structure: Instruction Number: Opcode destination reg, sourc..."
option_dependent_type_with_no_options,volume2::2.9.1,questions_clean.json,Computer Organization and Architecture,IO Handling,fill_blank,,"State whether the following statement is TRUE or FALSE: In a microprocessor-based system, if a bus (..."
option_dependent_type_with_no_options,volume2::2.9.2,questions_clean.json,Computer Organization and Architecture,IO Handling,fill_blank,,State whether the following statement is TRUE or FALSE: Data transfer between a microprocessor and a...
option_dependent_type_with_no_options,volume2::2.9.3,questions_clean.json,Computer Organization and Architecture,IO Handling,fill_blank,,State whether the following statement is TRUE or FALSE with reason: The data transfer between memory...
option_dependent_type_with_no_options,volume2::3.1.1,questions_clean.json,Compiler Design,Assembler,fill_blank,,The purpose of instruction location counter in an assembler is _______
option_dependent_type_with_no_options,volume2::3.14.1,questions_clean.json,Compiler Design,Macros,fill_blank,,Macro expansion is done in pass one instead of pass two in a two pass macro assembler because ______...
option_dependent_type_with_no_options,volume2::3.17.3,questions_clean.json,Compiler Design,Parsing,fill_blank,,Merging states with a common core may produce __________ conflicts and does not produce __________ c...
option_dependent_type_with_no_options,volume2::4.11.1,questions_clean.json,Computer Networks,Computer Networks,fill_blank,,Consider a 3-bit error detection and 1-bit error correction Hamming code for 4-bit data. The extra p...
option_dependent_type_with_no_options,volume2::4.18.1,questions_clean.json,Computer Networks,Computer Networks,fill_blank,,A simple and reliable data transfer can be accomplished by using the 'handshake protocol'. It accomp...
option_dependent_type_with_no_options,volume2::5.1.3,questions_clean.json,Databases,Databases,fill_blank,,"For a B+ tree of order d with n leaf nodes, the number of nodes accessed during a search is O(_)."
option_dependent_type_with_no_options,volume2::5.2.1,questions_clean.json,Databases,Databases,fill_blank,,"An instance of a relational scheme R(A, B, C) has distinct values for attribute A. Can you conclude ..."
option_dependent_type_with_no_options,volume2::5.4.1,questions_clean.json,Databases,Databases,fill_blank,,State True or False with reason:  Logical data independence is easier to achieve than physical data ...
option_dependent_type_with_no_options,volume2::5.5.1,questions_clean.json,Databases,Databases,fill_blank,,"State whether the following statement is TRUE or FALSE:  A relation r with schema (X, Y) satisfies t..."
option_dependent_type_with_no_options,volume2::5.5.12,questions_clean.json,Databases,Databases,fill_blank,,Consider the following database relations containing the attributes: • Book_id • Subject_Category_of...
option_dependent_type_with_no_options,volume2::5.5.18,questions_clean.json,Databases,Databases,fill_blank,,"For relation R = (L, M, N, O, P), the following dependencies hold: M → O, NO → P, P → L and L → MN. ..."
option_dependent_type_with_no_options,volume2::5.5.2,questions_clean.json,Databases,Databases,fill_blank,,What are the three axioms of functional dependency for the relational databases given by Armstrong?
option_dependent_type_with_no_options,volume2::5.5.3,questions_clean.json,Databases,Databases,fill_blank,,"Using Armstrong's axioms of functional dependency, derive the following rule:  {x → y, x → z} ⊨ x → ..."
option_dependent_type_with_no_options,volume2::5.5.4,questions_clean.json,Databases,Databases,fill_blank,,"Using Armstrong's axioms of functional dependency, derive the following rule:  {x → y, wy → z} ⊨ xw ..."
option_dependent_type_with_no_options,volume2::5.5.5,questions_clean.json,Databases,Databases,fill_blank,,"Using Armstrong's axioms of functional dependency, derive the following rule:  {x → y, z ⊂ y} ⊨ x → ..."
option_dependent_type_with_no_options,volume2::5.5.8,questions_clean.json,Databases,Databases,fill_blank,,State True or False with reason:  There is always a decomposition into Boyce-Codd normal form (BCNF)...
option_dependent_type_with_no_options,volume2::5.5.9,questions_clean.json,Databases,Databases,fill_blank,,"Consider the relation scheme R(A, B, C) with the following functional dependencies: • A, B → C • C →..."
option_dependent_type_with_no_options,volume2::6.11.5,questions_clean.json,Digital Logic,Digital Counter,fill_blank,,The number of flip-flops required to construct a binary modulo N counter is __________
option_dependent_type_with_no_options,volume2::6.15.3,questions_clean.json,Digital Logic,Floating Point Representation,fill_blank,,"A 32-bit floating-point number is represented by a 7-bit signed exponent, and a 24-bit fractional ma..."
option_dependent_type_with_no_options,volume2::6.15.4,questions_clean.json,Digital Logic,Floating Point Representation,fill_blank,,"A 32-bit floating-point number is represented by a 7-bit signed exponent, and a 24-bit fractional ma..."
option_dependent_type_with_no_options,volume2::6.18.3,questions_clean.json,Digital Logic,K Map,fill_blank,,"The Boolean function in sum of products form, where the K-map is given below, is _______  | B\C | 0 ..."
option_dependent_type_with_no_options,volume2::6.24.2,questions_clean.json,Digital Logic,Number Representation,fill_blank,,The condition for overflow in the addition of two 2's complement numbers in terms of the carry gener...
option_dependent_type_with_no_options,volume2::6.24.7,questions_clean.json,Digital Logic,Number Representation,fill_blank,,Consider n-bit (including sign bit) 2's complement representation of integer numbers. The range of i...
option_dependent_type_with_no_options,volume2::6.24.8,questions_clean.json,Digital Logic,Number Representation,fill_blank,,The following is an incomplete Pascal function to convert a given decimal integer (in the range -8 t...
option_dependent_type_with_no_options,volume2::7.17.2,questions_clean.json,Operating System,Precedence Graph,fill_blank,,"A given set of processes can be implemented by using only parbegin/parend statement, if the preceden..."
option_dependent_type_with_no_options,volume2::7.19.3,questions_clean.json,Operating System,Process Scheduling,fill_blank,,"The highest-response ratio next scheduling policy favours ___________ jobs, but it also limits the w..."
option_dependent_type_with_no_options,volume2::7.3.5,questions_clean.json,Operating System,Disk,fill_blank,,A program P reads and processes 1000 consecutive records from a sequential file F stored on device D...
option_dependent_type_with_no_options,volume1::2.4.2,questions_with_image.json,Discrete Mathematics,Graph Theory,fill_blank,,Write the adjacency matrix representation of the graph given in the figure below.  (Directed graph w...
option_dependent_type_with_no_options,volume1::4.12.15,questions_with_image.json,Discrete Mathematics,Set Theory & Algebra,fill_blank,,"Let R be a binary relation on A = {a, b, c, d, e, f, g, h} represented by the following two componen..."
option_dependent_type_with_no_options,volume1::4.6.1,questions_with_image.json,Discrete Mathematics,Set Theory & Algebra,fill_blank,,The complement(s) of the element 'a' in the lattice shown in the figure is (are) ____  (Hasse diagra...
option_dependent_type_with_no_options,volume2::1.14.1,questions_with_image.json,Algorithms,Graph Search,fill_blank,,"In the graph shown above, the depth-first spanning tree edges are marked with a 'T'. Identify the fo..."
option_dependent_type_with_no_options,volume2::2.1.2,questions_with_image.json,Computer Organization and Architecture,Addressing Modes,fill_blank,,In the program scheme given below indicate the instructions containing any operand needing relocatio...
